business_name,email,city,vertical,website,status,notes
AMC Insurance Abbotsford,info@amcinsurance.ca,Abbotsford,insurance,https://amcinsurance.ca,pending,Scraped from 1 page(s)
Smile Care Dental Center,info@abbysmilecare.com,Abbotsford,dental,https://abbysmilecare.com,pending,Scraped from 1 page(s)
Clayburn Dental,,Abbotsford,dental,https://clayburndental.com,no_email,No email on 6 page(s) — contact form or phone only
Linley Welwood LLP,,Abbotsford,legal,https://linleywelwood.com,no_email,No email on 6 page(s) — contact form or phone only
ECM Strata Management,,Abbotsford,property_mgmt,https://ecmstrata.com,no_email,No email on 6 page(s) — contact form or phone only
Campbell Strata Management,,Abbotsford,property_mgmt,https://campbellstrata.com,no_email,No email on 6 page(s) — contact form or phone only
Sidhu & Associates Property Mgmt,,Abbotsford,property_mgmt,https://abbotsfordpropertymgmt.ca,no_email,No email on 6 page(s) — contact form or phone only
Cannon Medical Clinic,,Abbotsford,clinic,https://cannonmedicalclinic.com,no_email,No email on 6 page(s) — contact form or phone only
Central Valley Insurance,,Abbotsford,insurance,https://cvinsurance.ca,no_email,No email on 6 page(s) — contact form or phone only
Reliance Home Comfort,,Abbotsford,home_services,https://reliancehomecomfort.com,no_email,No email on 6 page(s) — contact form or phone only
Fraser Valley Insurance,,Abbotsford,insurance,https://fvins.ca,no_email,No email on 6 page(s) — contact form or phone only
Westland Insurance,contactus@westlandinsurance.ca,Abbotsford,insurance,https://westlandinsurance.ca,pending,Scraped from 4 page(s)
HUB International,,Abbotsford,insurance,https://hubinternational.com,no_email,No email on 6 page(s) — contact form or phone only
West Coast Dental,,Abbotsford,dental,https://westcoastdental.com,no_email,No email on 6 page(s) — contact form or phone only
Lifetime Dental,,Abbotsford,dental,https://lifetimedental.ca,no_email,No email on 6 page(s) — contact form or phone only
Valley Medical,,Abbotsford,clinic,https://valleymedical.ca,no_email,No email on 6 page(s) — contact form or phone only
Morgan Creek Dental,,Abbotsford,dental,https://morgancreekdental.com,no_email,No email on 6 page(s) — contact form or phone only
Langley Dental,,Abbotsford,dental,https://langleydental.com,no_email,No email on 6 page(s) — contact form or phone only
Murrayville Plumbing,,Abbotsford,home_services,https://murrayvilleplumbing.com,no_email,No email on 6 page(s) — contact form or phone only
GVA Plumbing,,Abbotsford,home_services,https://gvaplumbing.ca,no_email,No email on 6 page(s) — contact form or phone only
